;Users’ posts distance from neutral text;;;;;;
;Immigration;Nation;Black;White;People;Race;TOT
;Semantic distance;;;;;;
Intercept;0.004 (0.003-0.006) ***;0.011 (0.01-0.012) ***;0.013 (0.012-0.015) ***;0.011 (0.01-0.012) ***;0.041 (0.04-0.043) ***;0.005 (0.005-0.006) ***;0.02 (0.019-0.021) ***
Forum;2.807 (2.107-3.74) ***;3.566 (3.154-4.033) ***;4.631 (4.047-5.299) ***;12.587 (11.437-13.852) ***;1.637 (1.545-1.733) ***;5.788 (4.981-6.726) ***;2.328 (2.212-2.452) ***
Word frequency;1.25 (1.117-1.399) ***;1.114 (1.095-1.134) ***;1.157 (1.127-1.187) ***;1.08 (1.071-1.09) ***;1.013 (1.012-1.014) ***;1.162 (1.122-1.203) ***;1.025 (1.024-1.027) ***
Forum * word frequency;0.821 (0.733-0.918) ***;0.906 (0.89-0.922) ***;0.875 (0.852-0.898) ***;0.93 (0.922-0.939) ***;0.994 (0.994-0.995) ***;0.872 (0.842-0.902) ***;0.986 (0.984-0.987) ***
;Neighbourhood Overlap;;;;;;
Intercept;0.227 (0.192-0.269) ***;0.702 (0.668-0.737) ***;0.798 (0.76-0.838) ***;0.47 (0.447-0.493) ***;2.495 (2.426-2.566) ***;0.232 (0.216-0.25) ***;0.776 (0.754-0.799) ***
Forum;2.538 (2.127-3.028) ***;2.441 (2.288-2.605) ***;2.917 (2.736-3.109) ***;10.593 (9.73-11.533) ***;1.259 (1.209-1.311) ***;4.987 (4.566-5.447) ***;2.082 (1.999-2.169) ***
Word frequency;1.372 (1.273-1.478) ***;1.136 (1.123-1.149) ***;1.178 (1.162-1.195) ***;1.264 (1.245-1.282) ***;1.011 (1.01-1.011) ***;1.25 (1.218-1.282) ***;1.042 (1.04-1.043) ***
Forum * word frequency;0.778 (0.722-0.839) ***;0.899 (0.889-0.91) ***;0.864 (0.852-0.877) ***;0.795 (0.783-0.807) ***;0.997 (0.996-0.997) ***;0.813 (0.792-0.834) ***;0.972 (0.971-0.974) ***
;;;;;;;
;Intra forum variability;;;;;;
;Immigration;Nation;Black;White;People;Race;TOT
;Semantic distance;;;;;;
Intercept;0.005 (0.005-0.005) ***;0.009 (0.009-0.009) ***;0.011 (0.011-0.012) ***;0.01 (0.009-0.01) ***;0.051 (0.05-0.052) ***;0.004 (0.004-0.004) ***;0.021 (0.021-0.021) ***
Forum;3.451 (3.237-3.679) ***;6.59 (6.372-6.816) ***;10.396 (10.012-10.795) ***;18.974 (18.464-19.498) ***;2.332 (2.282-2.384) ***;12.24 (11.725-12.777) ***;3.22 (3.171-3.269) ***
Word frequency;1.216 (1.189-1.243) ***;1.107 (1.104-1.11) ***;1.151 (1.145-1.156) ***;1.143 (1.139-1.147) ***;1.01 (1.01-1.01) ***;1.189 (1.176-1.203) ***;1.02 (1.02-1.021) ***
Forum * word frequency;0.836 (0.818-0.855) ***;0.908 (0.905-0.911) ***;0.874 (0.87-0.878) ***;0.877 (0.874-0.88) ***;0.994 (0.994-0.994) ***;0.847 (0.837-0.856) ***;0.986 (0.986-0.986) ***
;Neighbourhood Overlap;;;;;;
Intercept;0.166 (0.16-0.173) ***;0.419 (0.412-0.426) ***;0.546 (0.538-0.554) ***;0.528 (0.521-0.536) ***;2.239 (2.217-2.262) ***;0.168 (0.165-0.171) ***;0.656 (0.651-0.661) ***
Forum;3.689 (3.546-3.839) ***;5.239 (5.129-5.352) ***;5.121 (5.02-5.223) ***;7.984 (7.769-8.205) ***;1.511 (1.489-1.532) ***;8.996 (8.79-9.206) ***;2.579 (2.547-2.611) ***
Word frequency;1.402 (1.383-1.422) ***;1.144 (1.141-1.147) ***;1.157 (1.154-1.16) ***;1.155 (1.152-1.158) ***;1.006 (1.006-1.006) ***;1.293 (1.285-1.3) ***;1.023 (1.023-1.024) ***
Forum * word frequency;0.75 (0.74-0.76) ***;0.878 (0.876-0.88) ***;0.87 (0.868-0.872) ***;0.867 (0.865-0.87) ***;0.997 (0.997-0.997) ***;0.778 (0.773-0.782) ***;0.983 (0.982-0.983) ***
;;;;;;;
;Intra & Inter forums variability;;;;;;
;Immigration;Nation;Black;White;People;Race;TOT
;Semantic distance;;;;;;
Intercept;0.014 (0.014-0.015) ***;0.041 (0.041-0.042) ***;0.059 (0.058-0.059) ***;0.138 (0.137-0.139) ***;0.087 (0.086-0.087) ***;0.034 (0.033-0.034) ***;0.054 (0.054-0.055) ***
Reddit;0.425 (0.374-0.483) ***;0.291 (0.28-0.303) ***;0.22 (0.211-0.229) ***;0.091 (0.088-0.094) ***;0.591 (0.578-0.603) ***;0.201 (0.187-0.216) ***;0.481 (0.474-0.488) ***
Stormfront;1.304 (1.274-1.334) ***;1.469 (1.439-1.5) ***;1.667 (1.636-1.699) ***;1.253 (1.23-1.276) ***;1.323 (1.302-1.344) ***;1.576 (1.546-1.608) ***;1.232 (1.218-1.246) ***
Word frequency;1.018 (1.018-1.019) ***;1.007 (1.007-1.007) ***;1.015 (1.015-1.015) ***;1.005 (1.005-1.005) ***;1.006 (1.006-1.006) ***;1.011 (1.011-1.011) ***;1.009 (1.009-1.009) ***
Reddit * word frequency;1.139 (1.101-1.178) ***;1.083 (1.078-1.087) ***;1.12 (1.114-1.126) ***;1.114 (1.109-1.118) ***;1.004 (1.004-1.005) ***;1.114 (1.094-1.133) ***;1.009 (1.009-1.01) ***
Stormfront * word frequency;0.998 (0.997-0.998) ***;0.998 (0.998-0.998) ***;0.995 (0.994-0.995) ***;0.998 (0.998-0.998) ***;0.999 (0.999-0.999) ***;0.996 (0.996-0.996) ***;0.998 (0.998-0.998) ***
;Neighbourhood Overlap;;;;;;
Intercept;0.682 (0.675-0.689) ***;1.964 (1.945-1.983) ***;2.241 (2.221-2.261) ***;5.264 (5.217-5.313) ***;3.53 (3.505-3.556) ***;1.247 (1.237-1.257) ***;1.782 (1.773-1.792) ***
Reddit;0.373 (0.35-0.397) ***;0.287 (0.281-0.293) ***;0.303 (0.297-0.308) ***;0.135 (0.133-0.137) ***;0.634 (0.626-0.642) ***;0.233 (0.226-0.24) ***;0.501 (0.496-0.505) ***
Stormfront;1.022 (1.004-1.039) ***;1.114 (1.094-1.133) ***;1.195 (1.175-1.215) ***;0.786 (0.771-0.803) ***;0.938 (0.926-0.95) ***;1.212 (1.194-1.232) ***;0.966 (0.957-0.976) ***
Word frequency;1.066 (1.065-1.067) ***;1.012 (1.012-1.012) ***;1.019 (1.019-1.019) ***;1.004 (1.004-1.004) ***;1.005 (1.005-1.006) ***;1.015 (1.014-1.015) ***;1.011 (1.011-1.011) ***
Reddit * word frequency;1.188 (1.167-1.208) ***;1.091 (1.088-1.094) ***;1.1 (1.098-1.103) ***;1.101 (1.098-1.103) ***;1.001 (1.001-1.001) ***;1.132 (1.124-1.14) ***;1.007 (1.007-1.008) ***
Stormfront * word frequency;0.981 (0.979-0.982) ***;0.992 (0.992-0.993) ***;0.988 (0.988-0.989) ***;0.998 (0.998-0.998) ***;0.998 (0.998-0.998) ***;0.991 (0.991-0.991) ***;0.995 (0.995-0.995) ***